Reference,Qty,Value,Footprint,MPN,Manufacturer,DigiKey_PN,DigiKey_Stock,Mouser_PN,Mouser_Stock,LCSC_PN,LCSC_Stock,Chosen_Distributor,Unit_Price_USD,Price_Basis,Validated,DNP,Notes
C4,1,PCL1A471MCL1GS,serialtap:CP_Elec_8x10,PCL1A471MCL1GS,Nichicon,PCL1A471MCL1GS-ND,0,647-PCL1A471MCL1GS,69,,0,Mouser,2.1300,Mouser AU A$3.25,no,no,"SINGLE SOURCE, THIN. Mouser 69 in stock (user-checked 2026-09-20, A$3.25). DigiKey non-stock: 24-week lead, MOQ 500. Not listed at LCSC. Mouser PN unverified — 647- prefix assumed, confirm at order. Buy spares now"
C6,1,22u,serialtap:C_1210_3225Metric,CL32B226KAJNNNE,Samsung Electro-Mechanics,,,,,C309062,30185,LCSC,0.3599,LCSC indicative,no,no,Value and dielectric per TPS62162 datasheet; 25 V for bias headroom at 3.3 V
"C1,C7,C8,C9",4,0.1u,serialtap:C_0603_1608Metric,CL10B104KB8NNNC,Samsung Electro-Mechanics,,,,,C1591,268519,LCSC,0.0115,LCSC indicative,no,no,"Murata GRM188R71H104KA93D is a drop-in second source, 318k in stock"
"C5,C10",2,10u,serialtap:C_1206_3216Metric,CL31B106KAHNNNE,Samsung Electro-Mechanics,,,,,C14860,30509,LCSC,0.2660,LCSC indicative,no,no,"25 V part on a 5 V rail, chosen for DC-bias headroom (inference, not a vendor curve)"
"C2,C3,C11",3,1u,serialtap:C_0603_1608Metric,CL10B105KA8NNNC,Samsung Electro-Mechanics,,,,,C29936,178930,LCSC,0.0218,LCSC indicative,no,no,
D1,1,LED,serialtap:LED_0603_1608Metric,LTST-C191KGKT,Lite-On,,,,,C125098,193281,LCSC,0.0217,LCSC indicative,no,no,Vf 1.9-2.4 V gives ~0.6 mA through R8. Dim by design (SPDD 5.7). -55..+85 C
J1,1,B05B-XASK-1-A,serialtap:JST_XA_B05B-XASK-1-A_1x05_P2.50mm_Vertical,B05B-XASK-1-A(LF)(SN),JST,455-B05B-XASK-1-A-ND,5457,,,C491708,4064,DigiKey,0.2620,DK qty10,no,no,Through-hole — needs the selective/hand-solder step
J2,1,USB4085-GF-A,serialtap:USB_C_Receptacle_GCT_USB4085,USB4085-GF-A,GCT,2073-USB4085-GF-ATR-ND,72058,,,C7095263,2167,DigiKey,0.7720,DK qty10,no,no,"Through-hole, shares the JST solder step"
L1,1,XGL4020-222MEC,serialtap:L_Coilcraft_XGL4020_4.0x4.0mm,XGL4020-222MEC,Coilcraft,2457-XGL4020-222MEC-ND,3876,,,C6012410,5408,LCSC,1.3630,LCSC indicative,no,no,"DigiKey lists it as Marketplace: +$10 flat shipping, ~4 day. Coilcraft direct is the other option"
"R1,R2",2,330,serialtap:R_0603_1608Metric,RK73H1JTTD3300F,KOA Speer,,,,,C160038,3017,LCSC,0.0051,LCSC indicative,no,no,"One KOA RK73H series across all five resistor values: 1%, 100ppm/degC, -55..+155 C"
R5,1,66.5k,serialtap:R_0603_1608Metric,RK73H1JTTD6652F,KOA Speer,,,,,C2480277,2192,LCSC,0.0154,LCSC indicative,no,no,"RILIM. 1% is a TPS2553 datasheet requirement, not a preference"
"R6,R7",2,100k,serialtap:R_0603_1608Metric,RK73H1JTTD1003F,KOA Speer,,,,,C130231,11115,LCSC,0.0043,LCSC indicative,no,no,
"R3,R4,R8",3,5.1k,serialtap:R_0603_1608Metric,RK73H1JTTD5101F,KOA Speer,,,,,C160048,13741,LCSC,0.0076,LCSC indicative,no,no,
R9,1,2.2k,serialtap:R_0603_1608Metric,RK73H1JTTD2201F,KOA Speer,,,,,C130233,1033,LCSC,0.0045,LCSC indicative,no,no,"Not 10k: sized so SW1 carries 1.5 mA, above C&K's 1 mA minimum contact current"
R10,1,10k,serialtap:R_0603_1608Metric,RK73H1JTTD1002F,KOA Speer,,,,,C130232,1192,LCSC,0.0038,LCSC indicative,no,no,"Thinnest line of the new passives at 1,192 - still ~100 boards"
"SW1,SW2",2,SW_Push,serialtap:SW_Push_1P1T_NO_CK_KMR2,KMR211NGLFS,C&K (Littelfuse),,,,,C221676,8125,LCSC,0.6362,LCSC indicative,no,no,"NG = no ground pin, per the C&K ordering key - fixes the footprint choice. Silver contacts, -40..+85 C"
U1,1,TPS2553DBV,serialtap:SOT-23-6,TPS2553DBVR,Texas Instruments,296-32464-1-ND,0,595-TPS2553DBVR,882,C55266,44248,LCSC,0.2979,LCSC indicative,no,no,"NON-LATCHING part — NOT the -1. DigiKey out of stock, 3000 due 2026-10-26. Dual-sourced: Mouser also has 882 at A$1.60 (user-checked 2026-09-20), so LCSC price vs Mouser second source. Mouser PN unverified — 595- prefix assumed. Verify marking on receipt: LCSC's auto-generated description lists latch protection, which is family boilerplate, not this suffix"
U2,1,LM66200DRL,serialtap:TI_DRL0008A_SOT-5X3-8_2.1x1.6mm_P0.5mm,LM66200DRLR,Texas Instruments,296-LM66200DRLRCT-ND,83454,,,C3235556,26447,DigiKey,0.4160,DK qty10,no,no,Both OR branches in one package
U3,1,TPS62162DSG,serialtap:Texas_DSG0008A_WSON-8-1EP_2x2mm_P0.5mm_EP0.9x1.6mm_ThermalVias,TPS62162DSGT,Texas Instruments,296-29897-1-ND,6663,,,C2863597,349,LCSC,1.5049,LCSC indicative,no,no,"DSGR (3000 reel) is $0.97 at LCSC / $1.86 DK qty1 — same die, reel size only"
U4,1,TXU0204RUT,serialtap:TI_RUT0012A_UQFN-12_2.0x1.7mm_P0.4mm,TXU0204RUTR,Texas Instruments,296-TXU0204RUTRCT-ND,767,,,C5217875,301,DigiKey,0.8440,DK qty10,no,no,Thinnest stock of any line at both sources. RUT package only
U5,1,TPD4E05U06DQA,serialtap:USON-10_2.5x1.0mm_P0.5mm,TPD4E05U06QDQARQ1,Texas Instruments,296-40696-1-ND,77999,,,,0,DigiKey,0.7930,DK qty10,no,no,DigiKey only. LCSC carries the -Q1 solely as -ES engineering samples (C19170925) — not orderable for a build. Non-Q1 TPD4E05U06DQAR is plentiful at LCSC but drops the temperature grade SPDD 7.4 bought
U6,1,ESP32-C3-MINI-1,serialtap:ESP32-C3-MINI-1,ESP32-C3-MINI-1-H4X,Espressif Systems,1904-ESP32-C3-MINI-1-H4XTR-ND,0,,,C41349510,911,LCSC,3.0795,LCSC indicative,no,no,"LCSC only. DigiKey non-stock: 4-week lead, 3250-piece reel. H = 105C grade and X = rev v1.1 are both mandatory (SPDD 7.4) — do not accept -N4 or a non-X substitution"
