Time [s],Channel 2,Channel 3
0.000000000,1,1
13.877310240,0,0
13.877310400,1,1
24.589872960,0,1
24.589880320,1,1
24.589884640,0,1
24.589897760,1,1
24.589915040,0,1
24.589919360,1,1
24.589945440,0,1
24.589945760,1,1
24.589946240,0,1
24.589949760,1,1
24.589958400,0,1
24.589962720,1,1
24.589971680,0,1
24.589975840,1,1
24.589980160,0,1
24.589997440,1,1
24.590001920,0,1
24.590032160,1,1
24.590045280,0,1
24.590071200,1,1
24.590075520,0,1
24.590080000,1,1
24.590088640,0,1
24.590092960,1,1
24.590097280,0,1
24.590127680,1,1
24.590132000,0,1
24.590158080,1,1
24.590166720,0,1
24.590171040,1,1
24.590175360,0,1
24.590179680,1,1
24.590188480,0,1
24.590214400,1,1
24.590218880,0,1
24.590223040,1,1
24.590227520,0,1
24.590236160,1,1
24.590240480,0,1
24.590244800,1,1
24.590249120,0,1
24.590257760,1,1
24.590262080,0,1
24.590266560,1,1
24.590275200,0,1
24.590279520,1,1
24.590288320,0,1
24.590292480,1,1
24.590296960,0,1
24.590301120,1,1
24.590305600,0,1
24.590309920,1,1
24.590318560,0,1
24.590331520,1,1
40.097546240,1,1
